ccode,year_actual,country_name,country_code,any_prio,war_prio,gdp_g,gdp_g_l,gpcp_g,gpcp_g_l,lgdpenl1,polity2l,ethfrac,relfrac,oil,lmtnest,lpopl1,year_trend
404,1981,404,404,404,404,404,404,404,404,6.154858112335205,404,404,404,404,404,404,0
404,1982,404,404,404,404,404,404,404,404,6.35088586807251,404,404,404,404,404,404,1
404,1983,404,404,404,404,404,404,404,404,6.450470447540283,404,404,404,404,404,404,2
404,1984,404,404,404,404,404,404,404,404,6.406879901885986,404,404,404,404,404,404,3
404,1985,404,404,404,404,404,404,404,404,6.440946578979492,404,404,404,404,404,404,4
404,1986,404,404,404,404,404,404,404,404,6.476972579956055,404,404,404,404,404,404,5
404,1987,404,404,404,404,404,404,404,404,6.440946578979492,404,404,404,404,404,404,6
404,1988,404,404,404,404,404,404,404,404,6.440946578979492,404,404,404,404,404,404,7
404,1989,404,404,404,404,404,404,404,404,6.483107566833496,404,404,404,404,404,404,8
404,1990,404,404,404,404,404,404,404,404,6.548219203948975,404,404,404,404,404,404,9
404,1991,404,404,404,404,404,404,404,404,6.53524112701416,404,404,404,404,404,404,10
404,1992,404,404,404,404,404,404,404,404,6.385194301605225,404,404,404,404,404,404,11
404,1993,404,404,404,404,404,404,404,404,6.4520487785339355,404,404,404,404,404,404,12
404,1994,404,404,404,404,404,404,404,404,6.450860023498535,404,404,404,404,404,404,13
404,1995,404,404,404,404,404,404,404,404,6.458970069885254,404,404,404,404,404,404,14
404,1996,404,404,404,404,404,404,404,404,6.477212429046631,404,404,404,404,404,404,15
404,1997,404,404,404,404,404,404,404,404,6.498598575592041,404,404,404,404,404,404,16
404,1998,404,404,404,404,404,404,404,404,6.528833389282227,404,404,404,404,404,404,17
404,1999,404,404,404,404,404,404,404,404,6.177819728851318,404,404,404,404,404,404,18
420,1981,420,420,420,420,420,420,420,420,6.924612522125244,420,420,420,420,420,420,0
420,1982,420,420,420,420,420,420,420,420,6.790097236633301,420,420,420,420,420,420,1
420,1983,420,420,420,420,420,420,420,420,6.770789623260498,420,420,420,420,420,420,2
420,1984,420,420,420,420,420,420,420,420,6.580639362335205,420,420,420,420,420,420,3
420,1985,420,420,420,420,420,420,420,420,6.685861110687256,420,420,420,420,420,420,4
420,1986,420,420,420,420,420,420,420,420,6.6450910568237305,420,420,420,420,420,420,5
420,1987,420,420,420,420,420,420,420,420,6.736967086791992,420,420,420,420,420,420,6
420,1988,420,420,420,420,420,420,420,420,6.748759746551514,420,420,420,420,420,420,7
420,1989,420,420,420,420,420,420,420,420,6.68959903717041,420,420,420,420,420,420,8
420,1990,420,420,420,420,420,420,420,420,6.694561958312988,420,420,420,420,420,420,9
420,1991,420,420,420,420,420,420,420,420,6.683361053466797,420,420,420,420,420,420,10
420,1992,420,420,420,420,420,420,420,420,6.670243263244629,420,420,420,420,420,420,11
420,1993,420,420,420,420,420,420,420,420,6.662755966186523,420,420,420,420,420,420,12
420,1994,420,420,420,420,420,420,420,420,6.654703617095947,420,420,420,420,420,420,13
420,1995,420,420,420,420,420,420,420,420,6.621504306793213,420,420,420,420,420,420,14
420,1996,420,420,420,420,420,420,420,420,6.598543167114258,420,420,420,420,420,420,15
420,1997,420,420,420,420,420,420,420,420,6.589622974395752,420,420,420,420,420,420,16
420,1998,420,420,420,420,420,420,420,420,6.607373237609863,420,420,420,420,420,420,17
420,1999,420,420,420,420,420,420,420,420,6.62595272064209,420,420,420,420,420,420,18
432,1981,432,432,432,432,432,432,432,432,6.2766432762146,432,432,432,432,432,432,0
432,1982,432,432,432,432,432,432,432,432,6.2383246421813965,432,432,432,432,432,432,1
432,1983,432,432,432,432,432,432,432,432,6.261491775512695,432,432,432,432,432,432,2
432,1984,432,432,432,432,432,432,432,432,6.220590114593506,432,432,432,432,432,432,3
432,1985,432,432,432,432,432,432,432,432,6.226536750793457,432,432,432,432,432,432,4
432,1986,432,432,432,432,432,432,432,432,6.2766432762146,432,432,432,432,432,432,5
432,1987,432,432,432,432,432,432,432,432,6.309918403625488,432,432,432,432,432,432,6
432,1988,432,432,432,432,432,432,432,432,6.272877216339111,432,432,432,432,432,432,7
432,1989,432,432,432,432,432,432,432,432,6.2461066246032715,432,432,432,432,432,432,8
432,1990,432,432,432,432,432,432,432,432,6.320768356323242,432,432,432,432,432,432,9
432,1991,432,432,432,432,432,432,432,432,6.274762153625488,432,432,432,432,432,432,10
432,1992,432,432,432,432,432,432,432,432,6.2045578956604,432,432,432,432,432,432,11
432,1993,432,432,432,432,432,432,432,432,6.25795316696167,432,432,432,432,432,432,12
432,1994,432,432,432,432,432,432,432,432,6.21062707901001,432,432,432,432,432,432,13
432,1995,432,432,432,432,432,432,432,432,6.194957733154297,432,432,432,432,432,432,14
432,1996,432,432,432,432,432,432,432,432,6.231395721435547,432,432,432,432,432,432,15
432,1997,432,432,432,432,432,432,432,432,6.239246368408203,432,432,432,432,432,432,16
432,1998,432,432,432,432,432,432,432,432,6.280815601348877,432,432,432,432,432,432,17
432,1999,432,432,432,432,432,432,432,432,6.290592670440674,432,432,432,432,432,432,18
433,1981,433,433,433,433,433,433,433,433,7.033506393432617,433,433,433,433,433,433,0
433,1982,433,433,433,433,433,433,433,433,7.037906169891357,433,433,433,433,433,433,1
433,1983,433,433,433,433,433,433,433,433,7.092573642730713,433,433,433,433,433,433,2
433,1984,433,433,433,433,433,433,433,433,7.080026626586914,433,433,433,433,433,433,3
433,1985,433,433,433,433,433,433,433,433,7.02731466293335,433,433,433,433,433,433,4
433,1986,433,433,433,433,433,433,433,433,7.05875825881958,433,433,433,433,433,433,5
433,1987,433,433,433,433,433,433,433,433,7.051855564117432,433,433,433,433,433,433,6
433,1988,433,433,433,433,433,433,433,433,7.065613269805908,433,433,433,433,433,433,7
433,1989,433,433,433,433,433,433,433,433,7.066466808319092,433,433,433,433,433,433,8
433,1990,433,433,433,433,433,433,433,433,7.037906169891357,433,433,433,433,433,433,9
433,1991,433,433,433,433,433,433,433,433,7.0431599617004395,433,433,433,433,433,433,10
433,1992,433,433,433,433,433,433,433,433,7.021083831787109,433,433,433,433,433,433,11
433,1993,433,433,433,433,433,433,433,433,7.017777919769287,433,433,433,433,433,433,12
433,1994,433,433,433,433,433,433,433,433,6.96910285949707,433,433,433,433,433,433,13
433,1995,433,433,433,433,433,433,433,433,6.9714226722717285,433,433,433,433,433,433,14
433,1996,433,433,433,433,433,433,433,433,6.995744705200195,433,433,433,433,433,433,15
433,1997,433,433,433,433,433,433,433,433,7.018592834472656,433,433,433,433,433,433,16
433,1998,433,433,433,433,433,433,433,433,7.039892673492432,433,433,433,433,433,433,17
433,1999,433,433,433,433,433,433,433,433,7.067943096160889,433,433,433,433,433,433,18
434,1981,434,434,434,434,434,434,434,434,7.015712261199951,434,434,434,434,434,434,0
434,1982,434,434,434,434,434,434,434,434,7.070724010467529,434,434,434,434,434,434,1
434,1983,434,434,434,434,434,434,434,434,6.925595283508301,434,434,434,434,434,434,2
434,1984,434,434,434,434,434,434,434,434,6.9157233238220215,434,434,434,434,434,434,3
434,1985,434,434,434,434,434,434,434,434,6.940222263336182,434,434,434,434,434,434,4
434,1986,434,434,434,434,434,434,434,434,7.010312080383301,434,434,434,434,434,434,5
434,1987,434,434,434,434,434,434,434,434,6.968850612640381,434,434,434,434,434,434,6
434,1988,434,434,434,434,434,434,434,434,6.902742862701416,434,434,434,434,434,434,7
434,1989,434,434,434,434,434,434,434,434,6.902742862701416,434,434,434,434,434,434,8
434,1990,434,434,434,434,434,434,434,434,6.825459957122803,434,434,434,434,434,434,9
434,1991,434,434,434,434,434,434,434,434,6.824373722076416,434,434,434,434,434,434,10
434,1992,434,434,434,434,434,434,434,434,6.852242469787598,434,434,434,434,434,434,11
434,1993,434,434,434,434,434,434,434,434,6.862149238586426,434,434,434,434,434,434,12
434,1994,434,434,434,434,434,434,434,434,6.86777925491333,434,434,434,434,434,434,13
434,1995,434,434,434,434,434,434,434,434,6.882341384887695,434,434,434,434,434,434,14
434,1996,434,434,434,434,434,434,434,434,6.899576187133789,434,434,434,434,434,434,15
434,1997,434,434,434,434,434,434,434,434,6.925858497619629,434,434,434,434,434,434,16
434,1998,434,434,434,434,434,434,434,434,6.953806400299072,434,434,434,434,434,434,17
434,1999,434,434,434,434,434,434,434,434,6.970360279083252,434,434,434,434,434,434,18
435,1981,435,435,435,435,435,435,435,435,6.785587787628174,435,435,435,435,435,435,0
435,1982,435,435,435,435,435,435,435,435,6.788971900939941,435,435,435,435,435,435,1
435,1983,435,435,435,435,435,435,435,435,6.785587787628174,435,435,435,435,435,435,2
435,1984,435,435,435,435,435,435,435,435,6.844815254211426,435,435,435,435,435,435,3
435,1985,435,435,435,435,435,435,435,435,6.741700649261475,435,435,435,435,435,435,4
435,1986,435,435,435,435,435,435,435,435,6.714170455932617,435,435,435,435,435,435,5
435,1987,435,435,435,435,435,435,435,435,6.732210636138916,435,435,435,435,435,435,6
435,1988,435,435,435,435,435,435,435,435,6.695798873901367,435,435,435,435,435,435,7
435,1989,435,435,435,435,435,435,435,435,6.669497966766357,435,435,435,435,435,435,8
435,1990,435,435,435,435,435,435,435,435,6.694561958312988,435,435,435,435,435,435,9
435,1991,435,435,435,435,435,435,435,435,6.673297882080078,435,435,435,435,435,435,10
435,1992,435,435,435,435,435,435,435,435,6.687108516693115,435,435,435,435,435,435,11
435,1993,435,435,435,435,435,435,435,435,6.729824066162109,435,435,435,435,435,435,12
435,1994,435,435,435,435,435,435,435,435,6.755337715148926,435,435,435,435,435,435,13
435,1995,435,435,435,435,435,435,435,435,6.772498607635498,435,435,435,435,435,435,14
435,1996,435,435,435,435,435,435,435,435,6.789645195007324,435,435,435,435,435,435,15
435,1997,435,435,435,435,435,435,435,435,6.815942287445068,435,435,435,435,435,435,16
435,1998,435,435,435,435,435,435,435,435,6.819631099700928,435,435,435,435,435,435,17
435,1999,435,435,435,435,435,435,435,435,6.828583240509033,435,435,435,435,435,435,18
436,1981,436,436,436,436,436,436,436,436,6.575075626373291,436,436,436,436,436,436,0
436,1982,436,436,436,436,436,436,436,436,6.56244421005249,436,436,436,436,436,436,1
436,1983,436,436,436,436,436,436,436,436,6.570882797241211,436,436,436,436,436,436,2
436,1984,436,436,436,436,436,436,436,436,6.514712810516357,436,436,436,436,436,436,3
436,1985,436,436,436,436,436,436,436,436,6.3526291847229,436,436,436,436,436,436,4
436,1986,436,436,436,436,436,436,436,436,6.3261494636535645,436,436,436,436,436,436,5
436,1987,436,436,436,436,436,436,436,436,6.345636367797852,436,436,436,436,436,436,6
436,1988,436,436,436,436,436,436,436,436,6.297109127044678,436,436,436,436,436,436,7
436,1989,436,436,436,436,436,436,436,436,6.2859978675842285,436,436,436,436,436,436,8
436,1990,436,436,436,436,436,436,436,436,6.224558353424072,436,436,436,436,436,436,9
436,1991,436,436,436,436,436,436,436,436,6.18040132522583,436,436,436,436,436,436,10
436,1992,436,436,436,436,436,436,436,436,6.173057556152344,436,436,436,436,436,436,11
436,1993,436,436,436,436,436,436,436,436,6.072234630584717,436,436,436,436,436,436,12
436,1994,436,436,436,436,436,436,436,436,6.052404880523682,436,436,436,436,436,436,13
436,1995,436,436,436,436,436,436,436,436,6.057185649871826,436,436,436,436,436,436,14
436,1996,436,436,436,436,436,436,436,436,6.048613548278809,436,436,436,436,436,436,15
436,1997,436,436,436,436,436,436,436,436,6.0478949546813965,436,436,436,436,436,436,16
436,1998,436,436,436,436,436,436,436,436,6.0404839515686035,436,436,436,436,436,436,17
436,1999,436,436,436,436,436,436,436,436,6.105217933654785,436,436,436,436,436,436,18
437,1981,437,437,437,437,437,437,437,437,7.489970684051514,437,437,437,437,437,437,0
437,1982,437,437,437,437,437,437,437,437,7.489970684051514,437,437,437,437,437,437,1
437,1983,437,437,437,437,437,437,437,437,7.436617374420166,437,437,437,437,437,437,2
437,1984,437,437,437,437,437,437,437,437,7.388946056365967,437,437,437,437,437,437,3
437,1985,437,437,437,437,437,437,437,437,7.338888168334961,437,437,437,437,437,437,4
437,1986,437,437,437,437,437,437,437,437,7.342779159545898,437,437,437,437,437,437,5
437,1987,437,437,437,437,437,437,437,437,7.351158142089844,437,437,437,437,437,437,6
437,1988,437,437,437,437,437,437,437,437,7.326465606689453,437,437,437,437,437,437,7
437,1989,437,437,437,437,437,437,437,437,7.257707595825195,437,437,437,437,437,437,8
437,1990,437,437,437,437,437,437,437,437,7.19743537902832,437,437,437,437,437,437,9
437,1991,437,437,437,437,437,437,437,437,7.100852012634277,437,437,437,437,437,437,10
437,1992,437,437,437,437,437,437,437,437,7.054449558258057,437,437,437,437,437,437,11
437,1993,437,437,437,437,437,437,437,437,7.00669527053833,437,437,437,437,437,437,12
437,1994,437,437,437,437,437,437,437,437,6.972376346588135,437,437,437,437,437,437,13
437,1995,437,437,437,437,437,437,437,437,6.960204124450684,437,437,437,437,437,437,14
437,1996,437,437,437,437,437,437,437,437,6.997620105743408,437,437,437,437,437,437,15
437,1997,437,437,437,437,437,437,437,437,7.034412860870361,437,437,437,437,437,437,16
437,1998,437,437,437,437,437,437,437,437,7.069679260253906,437,437,437,437,437,437,17
437,1999,437,437,437,437,437,437,437,437,7.086020469665527,437,437,437,437,437,437,18
438,1981,438,438,438,438,438,438,438,438,6.705638885498047,438,438,438,438,438,438,0
438,1982,438,438,438,438,438,438,438,438,6.646390438079834,438,438,438,438,438,438,1
438,1983,438,438,438,438,438,438,438,438,6.6618547439575195,438,438,438,438,438,438,2
438,1984,438,438,438,438,438,438,438,438,6.61606502532959,438,438,438,438,438,438,3
438,1985,438,438,438,438,438,438,438,438,6.5496506690979,438,438,438,438,438,438,4
438,1986,438,438,438,438,438,438,438,438,6.56807804107666,438,438,438,438,438,438,5
438,1987,438,438,438,438,438,438,438,438,6.5971455574035645,438,438,438,438,438,438,6
438,1988,438,438,438,438,438,438,438,438,6.610695838928223,438,438,438,438,438,438,7
438,1989,438,438,438,438,438,438,438,438,6.652863025665283,438,438,438,438,438,438,8
438,1990,438,438,438,438,438,438,438,438,6.652863025665283,438,438,438,438,438,438,9
438,1991,438,438,438,438,438,438,438,438,6.642486572265625,438,438,438,438,438,438,10
438,1992,438,438,438,438,438,438,438,438,6.637258052825928,438,438,438,438,438,438,11
438,1993,438,438,438,438,438,438,438,438,6.606650352478027,438,438,438,438,438,438,12
438,1994,438,438,438,438,438,438,438,438,6.6259260177612305,438,438,438,438,438,438,13
438,1995,438,438,438,438,438,438,438,438,6.639334678649902,438,438,438,438,438,438,14
438,1996,438,438,438,438,438,438,438,438,6.656987190246582,438,438,438,438,438,438,15
438,1997,438,438,438,438,438,438,438,438,6.6771769523620605,438,438,438,438,438,438,16
438,1998,438,438,438,438,438,438,438,438,6.700028419494629,438,438,438,438,438,438,17
438,1999,438,438,438,438,438,438,438,438,6.720534801483154,438,438,438,438,438,438,18
439,1981,439,439,439,439,439,439,439,439,6.124683380126953,439,439,439,439,439,439,0
439,1982,439,439,439,439,439,439,439,439,6.144185543060303,439,439,439,439,439,439,1
439,1983,439,439,439,439,439,439,439,439,6.2383246421813965,439,439,439,439,439,439,2
439,1984,439,439,439,439,439,439,439,439,6.218600273132324,439,439,439,439,439,439,3
439,1985,439,439,439,439,439,439,439,439,6.16120719909668,439,439,439,439,439,439,4
439,1986,439,439,439,439,439,439,439,439,6.2045578956604,439,439,439,439,439,439,5
439,1987,439,439,439,439,439,439,439,439,6.236369609832764,439,439,439,439,439,439,6
439,1988,439,439,439,439,439,439,439,439,6.236369609832764,439,439,439,439,439,439,7
439,1989,439,439,439,439,439,439,439,439,6.257667541503906,439,439,439,439,439,439,8
439,1990,439,439,439,439,439,439,439,439,6.251904010772705,439,439,439,439,439,439,9
439,1991,439,439,439,439,439,439,439,439,6.236369609832764,439,439,439,439,439,439,10
439,1992,439,439,439,439,439,439,439,439,6.257667541503906,439,439,439,439,439,439,11
439,1993,439,439,439,439,439,439,439,439,6.242223262786865,439,439,439,439,439,439,12
439,1994,439,439,439,439,439,439,439,439,6.210806846618652,439,439,439,439,439,439,13
439,1995,439,439,439,439,439,439,439,439,6.199223041534424,439,439,439,439,439,439,14
439,1996,439,439,439,439,439,439,439,439,6.214541435241699,439,439,439,439,439,439,15
439,1997,439,439,439,439,439,439,439,439,6.249124526977539,439,439,439,439,439,439,16
439,1998,439,439,439,439,439,439,439,439,6.271518707275391,439,439,439,439,439,439,17
439,1999,439,439,439,439,439,439,439,439,6.307119846343994,439,439,439,439,439,439,18
450,1981,450,450,450,450,450,450,450,450,6.831953525543213,450,450,450,450,450,450,0
450,1982,450,450,450,450,450,450,450,450,6.869014263153076,450,450,450,450,450,450,1
450,1983,450,450,450,450,450,450,450,450,6.841615676879883,450,450,450,450,450,450,2
450,1984,450,450,450,450,450,450,450,450,6.825459957122803,450,450,450,450,450,450,3
450,1985,450,450,450,450,450,450,450,450,6.767343044281006,450,450,450,450,450,450,4
450,1986,450,450,450,450,450,450,450,450,6.748759746551514,450,450,450,450,450,450,5
450,1987,450,450,450,450,450,450,450,450,6.669497966766357,450,450,450,450,450,450,6
450,1988,450,450,450,450,450,450,450,450,6.76157283782959,450,450,450,450,450,450,7
450,1989,450,450,450,450,450,450,450,450,6.769641876220703,450,450,450,450,450,450,8
450,1990,450,450,450,450,450,450,450,450,6.738152503967285,450,450,450,450,450,450,9
450,1991,450,450,450,450,450,450,450,450,6.687108516693115,450,450,450,450,450,450,10
451,1981,451,451,451,451,451,451,451,451,7.037906169891357,451,451,451,451,451,451,0
451,1982,451,451,451,451,451,451,451,451,7.0003342628479,451,451,451,451,451,451,1
451,1983,451,451,451,451,451,451,451,451,6.979145050048828,451,451,451,451,451,451,2
451,1984,451,451,451,451,451,451,451,451,7.032624244689941,451,451,451,451,451,451,3
451,1985,451,451,451,451,451,451,451,451,6.872128009796143,451,451,451,451,451,451,4
451,1986,451,451,451,451,451,451,451,451,6.807934761047363,451,451,451,451,451,451,5
451,1987,451,451,451,451,451,451,451,451,6.781057834625244,451,451,451,451,451,451,6
451,1988,451,451,451,451,451,451,451,451,6.766191482543945,451,451,451,451,451,451,7
451,1989,451,451,451,451,451,451,451,451,6.790097236633301,451,451,451,451,451,451,8
451,1990,451,451,451,451,451,451,451,451,6.824373722076416,451,451,451,451,451,451,9
451,1991,451,451,451,451,451,451,451,451,6.8035054206848145,451,451,451,451,451,451,10
451,1992,451,451,451,451,451,451,451,451,6.830874443054199,451,451,451,451,451,451,11
451,1993,451,451,451,451,451,451,451,451,6.598508834838867,451,451,451,451,451,451,12
451,1994,451,451,451,451,451,451,451,451,6.575005531311035,451,451,451,451,451,451,13
451,1995,451,451,451,451,451,451,451,451,6.585015296936035,451,451,451,451,451,451,14
451,1996,451,451,451,451,451,451,451,451,6.4544572830200195,451,451,451,451,451,451,15
451,1997,451,451,451,451,451,451,451,451,6.476988315582275,451,451,451,451,451,451,16
451,1998,451,451,451,451,451,451,451,451,6.258236885070801,451,451,451,451,451,451,17
451,1999,451,451,451,451,451,451,451,451,6.227972507476807,451,451,451,451,451,451,18
452,1981,452,452,452,452,452,452,452,452,6.883462429046631,452,452,452,452,452,452,0
452,1982,452,452,452,452,452,452,452,452,6.841615676879883,452,452,452,452,452,452,1
452,1983,452,452,452,452,452,452,452,452,6.678342342376709,452,452,452,452,452,452,2
452,1984,452,452,452,452,452,452,452,452,6.646390438079834,452,452,452,452,452,452,3
452,1985,452,452,452,452,452,452,452,452,6.665683746337891,452,452,452,452,452,452,4
452,1986,452,452,452,452,452,452,452,452,6.674561500549316,452,452,452,452,452,452,5
452,1987,452,452,452,452,452,452,452,452,6.693323612213135,452,452,452,452,452,452,6
452,1988,452,452,452,452,452,452,452,452,6.694561958312988,452,452,452,452,452,452,7
452,1989,452,452,452,452,452,452,452,452,6.698267936706543,452,452,452,452,452,452,8
452,1990,452,452,452,452,452,452,452,452,6.7105231285095215,452,452,452,452,452,452,9
452,1991,452,452,452,452,452,452,452,452,6.804614543914795,452,452,452,452,452,452,10
452,1992,452,452,452,452,452,452,452,452,6.8189239501953125,452,452,452,452,452,452,11
452,1993,452,452,452,452,452,452,452,452,6.862757682800293,452,452,452,452,452,452,12
452,1994,452,452,452,452,452,452,452,452,6.88358211517334,452,452,452,452,452,452,13
452,1995,452,452,452,452,452,452,452,452,6.889305591583252,452,452,452,452,452,452,14
452,1996,452,452,452,452,452,452,452,452,6.902693271636963,452,452,452,452,452,452,15
452,1997,452,452,452,452,452,452,452,452,6.922625541687012,452,452,452,452,452,452,16
452,1998,452,452,452,452,452,452,452,452,6.939516544342041,452,452,452,452,452,452,17
452,1999,452,452,452,452,452,452,452,452,6.961987018585205,452,452,452,452,452,452,18
461,1981,461,461,461,461,461,461,461,461,6.5944132804870605,461,461,461,461,461,461,0
461,1982,461,461,461,461,461,461,461,461,6.526494979858398,461,461,461,461,461,461,1
461,1983,461,461,461,461,461,461,461,461,6.483107566833496,461,461,461,461,461,461,2
461,1984,461,461,461,461,461,461,461,461,6.3784260749816895,461,461,461,461,461,461,3
461,1985,461,461,461,461,461,461,461,461,6.426488399505615,461,461,461,461,461,461,4
461,1986,461,461,461,461,461,461,461,461,6.4567694664001465,461,461,461,461,461,461,5
461,1987,461,461,461,461,461,461,461,461,6.48768424987793,461,461,461,461,461,461,6
461,1988,461,461,461,461,461,461,461,461,6.450470447540283,461,461,461,461,461,461,7
461,1989,461,461,461,461,461,461,461,461,6.4567694664001465,461,461,461,461,461,461,8
461,1990,461,461,461,461,461,461,461,461,6.4567694664001465,461,461,461,461,461,461,9
461,1991,461,461,461,461,461,461,461,461,6.463029384613037,461,461,461,461,461,461,10
461,1992,461,461,461,461,461,461,461,461,6.415096759796143,461,461,461,461,461,461,11
461,1993,461,461,461,461,461,461,461,461,6.272877216339111,461,461,461,461,461,461,12
461,1994,461,461,461,461,461,461,461,461,6.077731609344482,461,461,461,461,461,461,13
461,1995,461,461,461,461,461,461,461,461,6.186803817749023,461,461,461,461,461,461,14
461,1996,461,461,461,461,461,461,461,461,6.2327046394348145,461,461,461,461,461,461,15
461,1997,461,461,461,461,461,461,461,461,6.296006202697754,461,461,461,461,461,461,16
461,1998,461,461,461,461,461,461,461,461,6.310453414916992,461,461,461,461,461,461,17
461,1999,461,461,461,461,461,461,461,461,6.262160301208496,461,461,461,461,461,461,18
471,1981,471,471,471,471,471,471,471,471,7.08506441116333,471,471,471,471,471,471,0
471,1982,471,471,471,471,471,471,471,471,7.165493488311768,471,471,471,471,471,471,1
471,1983,471,471,471,471,471,471,471,471,7.155396461486816,471,471,471,471,471,471,2
471,1984,471,471,471,471,471,471,471,471,7.201916217803955,471,471,471,471,471,471,3
471,1985,471,471,471,471,471,471,471,471,7.246367931365967,471,471,471,471,471,471,4
471,1986,471,471,471,471,471,471,471,471,7.304515838623047,471,471,471,471,471,471,5
471,1987,471,471,471,471,471,471,471,471,7.312553405761719,471,471,471,471,471,471,6
471,1988,471,471,471,471,471,471,471,471,7.271703720092773,471,471,471,471,471,471,7
471,1989,471,471,471,471,471,471,471,471,7.192934036254883,471,471,471,471,471,471,8
471,1990,471,471,471,471,471,471,471,471,7.215974807739258,471,471,471,471,471,471,9
471,1991,471,471,471,471,471,471,471,471,7.111512184143066,471,471,471,471,471,471,10
471,1992,471,471,471,471,471,471,471,471,7.012115478515625,471,471,471,471,471,471,11
471,1993,471,471,471,471,471,471,471,471,6.936342716217041,471,471,471,471,471,471,12
471,1994,471,471,471,471,471,471,471,471,6.876030921936035,471,471,471,471,471,471,13
471,1995,471,471,471,471,471,471,471,471,6.82297945022583,471,471,471,471,471,471,14
471,1996,471,471,471,471,471,471,471,471,6.827767848968506,471,471,471,471,471,471,15
471,1997,471,471,471,471,471,471,471,471,6.84911584854126,471,471,471,471,471,471,16
471,1998,471,471,471,471,471,471,471,471,6.871651649475098,471,471,471,471,471,471,17
471,1999,471,471,471,471,471,471,471,471,6.89384651184082,471,471,471,471,471,471,18
475,1981,475,475,475,475,475,475,475,475,7.271008491516113,475,475,475,475,475,475,0
475,1982,475,475,475,475,475,475,475,475,7.3231706619262695,475,475,475,475,475,475,1
475,1983,475,475,475,475,475,475,475,475,7.257707595825195,475,475,475,475,475,475,2
475,1984,475,475,475,475,475,475,475,475,7.138072967529297,475,475,475,475,475,475,3
475,1985,475,475,475,475,475,475,475,475,6.973543167114258,475,475,475,475,475,475,4
475,1986,475,475,475,475,475,475,475,475,6.967909336090088,475,475,475,475,475,475,5
475,1987,475,475,475,475,475,475,475,475,6.8803839683532715,475,475,475,475,475,475,6
475,1988,475,475,475,475,475,475,475,475,6.8035054206848145,475,475,475,475,475,475,7
475,1989,475,475,475,475,475,475,475,475,6.845880031585693,475,475,475,475,475,475,8
475,1990,475,475,475,475,475,475,475,475,6.858564853668213,475,475,475,475,475,475,9
475,1991,475,475,475,475,475,475,475,475,6.902742862701416,475,475,475,475,475,475,10
475,1992,475,475,475,475,475,475,475,475,6.946976184844971,475,475,475,475,475,475,11
475,1993,475,475,475,475,475,475,475,475,6.885509490966797,475,475,475,475,475,475,12
475,1994,475,475,475,475,475,475,475,475,6.878166198730469,475,475,475,475,475,475,13
475,1995,475,475,475,475,475,475,475,475,6.84984827041626,475,475,475,475,475,475,14
475,1996,475,475,475,475,475,475,475,475,6.8448286056518555,475,475,475,475,475,475,15
475,1997,475,475,475,475,475,475,475,475,6.858354091644287,475,475,475,475,475,475,16
475,1998,475,475,475,475,475,475,475,475,6.857555866241455,475,475,475,475,475,475,17
475,1999,475,475,475,475,475,475,475,475,6.84909200668335,475,475,475,475,475,475,18
481,1981,481,481,481,481,481,481,481,481,8.475746154785156,481,481,481,481,481,481,0
481,1982,481,481,481,481,481,481,481,481,8.412721633911133,481,481,481,481,481,481,1
481,1983,481,481,481,481,481,481,481,481,8.349011421203613,481,481,481,481,481,481,2
481,1984,481,481,481,481,481,481,481,481,8.366602897644043,481,481,481,481,481,481,3
481,1985,481,481,481,481,481,481,481,481,8.40245532989502,481,481,481,481,481,481,4
481,1986,481,481,481,481,481,481,481,481,8.3118896484375,481,481,481,481,481,481,5
481,1987,481,481,481,481,481,481,481,481,8.301521301269531,481,481,481,481,481,481,6
481,1988,481,481,481,481,481,481,481,481,8.140898704528809,481,481,481,481,481,481,7
481,1989,481,481,481,481,481,481,481,481,8.096512794494629,481,481,481,481,481,481,8
481,1990,481,481,481,481,481,481,481,481,8.251402854919434,481,481,481,481,481,481,9
481,1991,481,481,481,481,481,481,481,481,8.283493995666504,481,481,481,481,481,481,10
481,1992,481,481,481,481,481,481,481,481,8.215006828308105,481,481,481,481,481,481,11
481,1993,481,481,481,481,481,481,481,481,8.194781303405762,481,481,481,481,481,481,12
481,1994,481,481,481,481,481,481,481,481,8.193110466003418,481,481,481,481,481,481,13
481,1995,481,481,481,481,481,481,481,481,8.202398300170898,481,481,481,481,481,481,14
481,1996,481,481,481,481,481,481,481,481,8.244789123535156,481,481,481,481,481,481,15
481,1997,481,481,481,481,481,481,481,481,8.270813941955566,481,481,481,481,481,481,16
481,1998,481,481,481,481,481,481,481,481,8.302578926086426,481,481,481,481,481,481,17
481,1999,481,481,481,481,481,481,481,481,8.299309730529785,481,481,481,481,481,481,18
482,1981,482,482,482,482,482,482,482,482,6.559615135192871,482,482,482,482,482,482,0
482,1982,482,482,482,482,482,482,482,482,6.473890781402588,482,482,482,482,482,482,1
482,1983,482,482,482,482,482,482,482,482,6.507277488708496,482,482,482,482,482,482,2
482,1984,482,482,482,482,482,482,482,482,6.373319625854492,482,482,482,482,482,482,3
482,1985,482,482,482,482,482,482,482,482,6.4329400062561035,482,482,482,482,482,482,4
482,1986,482,482,482,482,482,482,482,482,6.4457197189331055,482,482,482,482,482,482,5
482,1987,482,482,482,482,482,482,482,482,6.426488399505615,482,482,482,482,482,482,6
482,1988,482,482,482,482,482,482,482,482,6.371612071990967,482,482,482,482,482,482,7
482,1989,482,482,482,482,482,482,482,482,6.376727104187012,482,482,482,482,482,482,8
482,1990,482,482,482,482,482,482,482,482,6.371612071990967,482,482,482,482,482,482,9
482,1991,482,482,482,482,482,482,482,482,6.361302375793457,482,482,482,482,482,482,10
482,1992,482,482,482,482,482,482,482,482,6.309918403625488,482,482,482,482,482,482,11
482,1993,482,482,482,482,482,482,482,482,6.242223262786865,482,482,482,482,482,482,12
482,1994,482,482,482,482,482,482,482,482,6.223330497741699,482,482,482,482,482,482,13
482,1995,482,482,482,482,482,482,482,482,6.249614715576172,482,482,482,482,482,482,14
482,1996,482,482,482,482,482,482,482,482,6.2982707023620605,482,482,482,482,482,482,15
482,1997,482,482,482,482,482,482,482,482,6.237547397613525,482,482,482,482,482,482,16
482,1998,482,482,482,482,482,482,482,482,6.270257472991943,482,482,482,482,482,482,17
482,1999,482,482,482,482,482,482,482,482,6.298222064971924,482,482,482,482,482,482,18
483,1981,483,483,483,483,483,483,483,483,6.269096374511719,483,483,483,483,483,483,0
483,1982,483,483,483,483,483,483,483,483,6.1506028175354,483,483,483,483,483,483,1
483,1983,483,483,483,483,483,483,483,483,5.913503170013428,483,483,483,483,483,483,2
483,1984,483,483,483,483,483,483,483,483,5.703782558441162,483,483,483,483,483,483,3
483,1985,483,483,483,483,483,483,483,483,5.736572265625,483,483,483,483,483,483,4
483,1986,483,483,483,483,483,483,483,483,6.0137152671813965,483,483,483,483,483,483,5
483,1987,483,483,483,483,483,483,483,483,5.9584245681762695,483,483,483,483,483,483,6
483,1988,483,483,483,483,483,483,483,483,5.908082962036133,483,483,483,483,483,483,7
483,1989,483,483,483,483,483,483,483,483,5.991464614868164,483,483,483,483,483,483,8
483,1990,483,483,483,483,483,483,483,483,6.021023273468018,483,483,483,483,483,483,9
483,1991,483,483,483,483,483,483,483,483,5.988961219787598,483,483,483,483,483,483,10
483,1992,483,483,483,483,483,483,483,483,6.056784152984619,483,483,483,483,483,483,11
483,1993,483,483,483,483,483,483,483,483,6.011267185211182,483,483,483,483,483,483,12
483,1994,483,483,483,483,483,483,483,483,5.809432029724121,483,483,483,483,483,483,13
483,1995,483,483,483,483,483,483,483,483,5.872632026672363,483,483,483,483,483,483,14
483,1996,483,483,483,483,483,483,483,483,5.845658779144287,483,483,483,483,483,483,15
483,1997,483,483,483,483,483,483,483,483,5.841917991638184,483,483,483,483,483,483,16
483,1998,483,483,483,483,483,483,483,483,5.858476638793945,483,483,483,483,483,483,17
483,1999,483,483,483,483,483,483,483,483,5.895870208740234,483,483,483,483,483,483,18
484,1981,484,484,484,484,484,484,484,484,7.565793514251709,484,484,484,484,484,484,0
484,1982,484,484,484,484,484,484,484,484,7.622663974761963,484,484,484,484,484,484,1
484,1983,484,484,484,484,484,484,484,484,7.8355793952941895,484,484,484,484,484,484,2
484,1984,484,484,484,484,484,484,484,484,7.843848705291748,484,484,484,484,484,484,3
484,1985,484,484,484,484,484,484,484,484,7.909489631652832,484,484,484,484,484,484,4
484,1986,484,484,484,484,484,484,484,484,7.899895191192627,484,484,484,484,484,484,5
484,1987,484,484,484,484,484,484,484,484,7.834392070770264,484,484,484,484,484,484,6
484,1988,484,484,484,484,484,484,484,484,7.7765350341796875,484,484,484,484,484,484,7
484,1989,484,484,484,484,484,484,484,484,7.757906436920166,484,484,484,484,484,484,8
484,1990,484,484,484,484,484,484,484,484,7.748028755187988,484,484,484,484,484,484,9
484,1991,484,484,484,484,484,484,484,484,7.701200008392334,484,484,484,484,484,484,10
484,1992,484,484,484,484,484,484,484,484,7.785305023193359,484,484,484,484,484,484,11
484,1993,484,484,484,484,484,484,484,484,7.714231014251709,484,484,484,484,484,484,12
484,1994,484,484,484,484,484,484,484,484,7.675586223602295,484,484,484,484,484,484,13
484,1995,484,484,484,484,484,484,484,484,7.590505123138428,484,484,484,484,484,484,14
484,1996,484,484,484,484,484,484,484,484,7.6013503074646,484,484,484,484,484,484,15
484,1997,484,484,484,484,484,484,484,484,7.529399394989014,484,484,484,484,484,484,16
484,1998,484,484,484,484,484,484,484,484,7.495715618133545,484,484,484,484,484,484,17
484,1999,484,484,484,484,484,484,484,484,7.5047173500061035,484,484,484,484,484,484,18
490,1981,490,490,490,490,490,490,490,490,6.165417671203613,490,490,490,490,490,490,0
490,1982,490,490,490,490,490,490,490,490,6.200509071350098,490,490,490,490,490,490,1
490,1983,490,490,490,490,490,490,490,490,6.177944183349609,490,490,490,490,490,490,2
490,1984,490,490,490,490,490,490,490,490,6.133398056030273,490,490,490,490,490,490,3
490,1985,490,490,490,490,490,490,490,490,6.126869201660156,490,490,490,490,490,490,4
490,1986,490,490,490,490,490,490,490,490,6.091310024261475,490,490,490,490,490,490,5
490,1987,490,490,490,490,490,490,490,490,6.118097305297852,490,490,490,490,490,490,6
490,1988,490,490,490,490,490,490,490,490,6.1377272605896,490,490,490,490,490,490,7
490,1989,490,490,490,490,490,490,490,490,6.131226539611816,490,490,490,490,490,490,8
490,1990,490,490,490,490,490,490,490,490,6.049733638763428,490,490,490,490,490,490,9
490,1991,490,490,490,490,490,490,490,490,5.948984146118164,490,490,490,490,490,490,10
490,1992,490,490,490,490,490,490,490,490,5.82847261428833,490,490,490,490,490,490,11
490,1993,490,490,490,490,490,490,490,490,5.685264587402344,490,490,490,490,490,490,12
490,1994,490,490,490,490,490,490,490,490,5.50858736038208,490,490,490,490,490,490,13
490,1995,490,490,490,490,490,490,490,490,5.437063217163086,490,490,490,490,490,490,14
490,1996,490,490,490,490,490,490,490,490,5.412562370300293,490,490,490,490,490,490,15
490,1997,490,490,490,490,490,490,490,490,5.3719563484191895,490,490,490,490,490,490,16
490,1998,490,490,490,490,490,490,490,490,5.281613349914551,490,490,490,490,490,490,17
500,1981,500,500,500,500,500,500,500,500,6.280395984649658,500,500,500,500,500,500,0
500,1982,500,500,500,500,500,500,500,500,6.793466091156006,500,500,500,500,500,500,1
500,1983,500,500,500,500,500,500,500,500,6.885509490966797,500,500,500,500,500,500,2
500,1984,500,500,500,500,500,500,500,500,6.998509407043457,500,500,500,500,500,500,3
500,1985,500,500,500,500,500,500,500,500,6.356107711791992,500,500,500,500,500,500,4
500,1986,500,500,500,500,500,500,500,500,6.291569232940674,500,500,500,500,500,500,5
500,1987,500,500,500,500,500,500,500,500,6.224558353424072,500,500,500,500,500,500,6
500,1988,500,500,500,500,500,500,500,500,6.232448101043701,500,500,500,500,500,500,7
500,1989,500,500,500,500,500,500,500,500,6.267200469970703,500,500,500,500,500,500,8
500,1990,500,500,500,500,500,500,500,500,6.306275367736816,500,500,500,500,500,500,9
500,1991,500,500,500,500,500,500,500,500,6.317164897918701,500,500,500,500,500,500,10
500,1992,500,500,500,500,500,500,500,500,6.333279609680176,500,500,500,500,500,500,11
500,1993,500,500,500,500,500,500,500,500,6.30444860458374,500,500,500,500,500,500,12
500,1994,500,500,500,500,500,500,500,500,6.352378845214844,500,500,500,500,500,500,13
500,1995,500,500,500,500,500,500,500,500,6.383367538452148,500,500,500,500,500,500,14
500,1996,500,500,500,500,500,500,500,500,6.462316989898682,500,500,500,500,500,500,15
500,1997,500,500,500,500,500,500,500,500,6.519702911376953,500,500,500,500,500,500,16
500,1998,500,500,500,500,500,500,500,500,6.537292957305908,500,500,500,500,500,500,17
500,1999,500,500,500,500,500,500,500,500,6.563642501831055,500,500,500,500,500,500,18
501,1981,501,501,501,501,501,501,501,501,6.814542770385742,501,501,501,501,501,501,0
501,1982,501,501,501,501,501,501,501,501,6.768493175506592,501,501,501,501,501,501,1
501,1983,501,501,501,501,501,501,501,501,6.756932258605957,501,501,501,501,501,501,2
501,1984,501,501,501,501,501,501,501,501,6.728628635406494,501,501,501,501,501,501,3
501,1985,501,501,501,501,501,501,501,501,6.725033760070801,501,501,501,501,501,501,4
501,1986,501,501,501,501,501,501,501,501,6.677083492279053,501,501,501,501,501,501,5
501,1987,501,501,501,501,501,501,501,501,6.7534379959106445,501,501,501,501,501,501,6
501,1988,501,501,501,501,501,501,501,501,6.781057834625244,501,501,501,501,501,501,7
501,1989,501,501,501,501,501,501,501,501,6.804614543914795,501,501,501,501,501,501,8
501,1990,501,501,501,501,501,501,501,501,6.817830562591553,501,501,501,501,501,501,9
501,1991,501,501,501,501,501,501,501,501,6.814542770385742,501,501,501,501,501,501,10
501,1992,501,501,501,501,501,501,501,501,6.804614543914795,501,501,501,501,501,501,11
501,1993,501,501,501,501,501,501,501,501,6.817830562591553,501,501,501,501,501,501,12
501,1994,501,501,501,501,501,501,501,501,6.794624328613281,501,501,501,501,501,501,13
501,1995,501,501,501,501,501,501,501,501,6.79572057723999,501,501,501,501,501,501,14
501,1996,501,501,501,501,501,501,501,501,6.815790176391602,501,501,501,501,501,501,15
501,1997,501,501,501,501,501,501,501,501,6.833706855773926,501,501,501,501,501,501,16
501,1998,501,501,501,501,501,501,501,501,6.832091808319092,501,501,501,501,501,501,17
501,1999,501,501,501,501,501,501,501,501,6.825916767120361,501,501,501,501,501,501,18
510,1981,510,510,510,510,510,510,510,510,6.173786163330078,510,510,510,510,510,510,0
510,1982,510,510,510,510,510,510,510,510,6.133398056030273,510,510,510,510,510,510,1
510,1983,510,510,510,510,510,510,510,510,6.144185543060303,510,510,510,510,510,510,2
510,1984,510,510,510,510,510,510,510,510,6.0450053215026855,510,510,510,510,510,510,3
510,1985,510,510,510,510,510,510,510,510,6.1377272605896,510,510,510,510,510,510,4
510,1986,510,510,510,510,510,510,510,510,6.159095287322998,510,510,510,510,510,510,5
510,1987,510,510,510,510,510,510,510,510,6.291569232940674,510,510,510,510,510,510,6
510,1988,510,510,510,510,510,510,510,510,6.287858486175537,510,510,510,510,510,510,7
510,1989,510,510,510,510,510,510,510,510,6.280395984649658,510,510,510,510,510,510,8
510,1990,510,510,510,510,510,510,510,510,6.286136627197266,510,510,510,510,510,510,9
510,1991,510,510,510,510,510,510,510,510,6.323184967041016,510,510,510,510,510,510,10
510,1992,510,510,510,510,510,510,510,510,6.312474250793457,510,510,510,510,510,510,11
510,1993,510,510,510,510,510,510,510,510,6.287356853485107,510,510,510,510,510,510,12
510,1994,510,510,510,510,510,510,510,510,6.2688188552856445,510,510,510,510,510,510,13
510,1995,510,510,510,510,510,510,510,510,6.254429340362549,510,510,510,510,510,510,14
510,1996,510,510,510,510,510,510,510,510,6.260315895080566,510,510,510,510,510,510,15
510,1997,510,510,510,510,510,510,510,510,6.276758670806885,510,510,510,510,510,510,16
510,1998,510,510,510,510,510,510,510,510,6.284515380859375,510,510,510,510,510,510,17
510,1999,510,510,510,510,510,510,510,510,6.298488140106201,510,510,510,510,510,510,18
516,1981,516,516,516,516,516,516,516,516,6.173786163330078,516,516,516,516,516,516,0
516,1982,516,516,516,516,516,516,516,516,6.226536750793457,516,516,516,516,516,516,1
516,1983,516,516,516,516,516,516,516,516,6.220590114593506,516,516,516,516,516,516,2
516,1984,516,516,516,516,516,516,516,516,6.188263893127441,516,516,516,516,516,516,3
516,1985,516,516,516,516,516,516,516,516,6.18001651763916,516,516,516,516,516,516,4
516,1986,516,516,516,516,516,516,516,516,6.267200469970703,516,516,516,516,516,516,5
516,1987,516,516,516,516,516,516,516,516,6.311734676361084,516,516,516,516,516,516,6
516,1988,516,516,516,516,516,516,516,516,6.287858486175537,516,516,516,516,516,516,7
516,1989,516,516,516,516,516,516,516,516,6.3261494636535645,516,516,516,516,516,516,8
516,1990,516,516,516,516,516,516,516,516,6.2766432762146,516,516,516,516,516,516,9
516,1991,516,516,516,516,516,516,516,516,6.309918403625488,516,516,516,516,516,516,10
516,1992,516,516,516,516,516,516,516,516,6.32793664932251,516,516,516,516,516,516,11
516,1993,516,516,516,516,516,516,516,516,6.343880653381348,516,516,516,516,516,516,12
516,1994,516,516,516,516,516,516,516,516,6.260956287384033,516,516,516,516,516,516,13
516,1995,516,516,516,516,516,516,516,516,6.198714733123779,516,516,516,516,516,516,14
516,1996,516,516,516,516,516,516,516,516,6.1017351150512695,516,516,516,516,516,516,15
516,1997,516,516,516,516,516,516,516,516,5.993354797363281,516,516,516,516,516,516,16
516,1998,516,516,516,516,516,516,516,516,5.976503372192383,516,516,516,516,516,516,17
516,1999,516,516,516,516,516,516,516,516,6.003137588500977,516,516,516,516,516,516,18
517,1981,517,517,517,517,517,517,517,517,6.629363059997559,517,517,517,517,517,517,0
517,1982,517,517,517,517,517,517,517,517,6.7405195236206055,517,517,517,517,517,517,1
517,1983,517,517,517,517,517,517,517,517,6.7105231285095215,517,517,517,517,517,517,2
517,1984,517,517,517,517,517,517,517,517,6.72623348236084,517,517,517,517,517,517,3
517,1985,517,517,517,517,517,517,517,517,6.6450910568237305,517,517,517,517,517,517,4
517,1986,517,517,517,517,517,517,517,517,6.6541523933410645,517,517,517,517,517,517,5
517,1987,517,517,517,517,517,517,517,517,6.652863025665283,517,517,517,517,517,517,6
517,1988,517,517,517,517,517,517,517,517,6.646390438079834,517,517,517,517,517,517,7
517,1989,517,517,517,517,517,517,517,517,6.624065399169922,517,517,517,517,517,517,8
517,1990,517,517,517,517,517,517,517,517,6.593044757843018,517,517,517,517,517,517,9
517,1991,517,517,517,517,517,517,517,517,6.6280412673950195,517,517,517,517,517,517,10
517,1992,517,517,517,517,517,517,517,517,6.6280412673950195,517,517,517,517,517,517,11
517,1993,517,517,517,517,517,517,517,517,6.635946750640869,517,517,517,517,517,517,12
517,1994,517,517,517,517,517,517,517,517,6.52415132522583,517,517,517,517,517,517,13
517,1995,517,517,517,517,517,517,517,517,6.017841815948486,517,517,517,517,517,517,14
517,1996,517,517,517,517,517,517,517,517,6.2865705490112305,517,517,517,517,517,517,15
517,1997,517,517,517,517,517,517,517,517,6.3834333419799805,517,517,517,517,517,517,16
517,1998,517,517,517,517,517,517,517,517,6.343756675720215,517,517,517,517,517,517,17
517,1999,517,517,517,517,517,517,517,517,6.408282279968262,517,517,517,517,517,517,18
520,1981,520,520,520,520,520,520,520,520,6.612040996551514,520,520,520,520,520,520,0
520,1982,520,520,520,520,520,520,520,520,6.766191482543945,520,520,520,520,520,520,1
520,1983,520,520,520,520,520,520,520,520,6.763885021209717,520,520,520,520,520,520,2
520,1984,520,520,520,520,520,520,520,520,6.68959903717041,520,520,520,520,520,520,3
520,1985,520,520,520,520,520,520,520,520,6.656726360321045,520,520,520,520,520,520,4
520,1986,520,520,520,520,520,520,520,520,6.481576919555664,520,520,520,520,520,520,5
520,1987,520,520,520,520,520,520,520,520,6.705638885498047,520,520,520,520,520,520,6
520,1988,520,520,520,520,520,520,520,520,6.685861110687256,520,520,520,520,520,520,7
520,1989,520,520,520,520,520,520,520,520,6.674561500549316,520,520,520,520,520,520,8
520,1990,520,520,520,520,520,520,520,520,6.652863025665283,520,520,520,520,520,520,9
520,1991,520,520,520,520,520,520,520,520,6.555356979370117,520,520,520,520,520,520,10
522,1981,522,522,522,522,522,522,522,522,7.336936950683594,522,522,522,522,522,522,0
522,1982,522,522,522,522,522,522,522,522,7.21817684173584,522,522,522,522,522,522,1
522,1983,522,522,522,522,522,522,522,522,7.216709613800049,522,522,522,522,522,522,2
522,1984,522,522,522,522,522,522,522,522,7.05272102355957,522,522,522,522,522,522,3
522,1985,522,522,522,522,522,522,522,522,7.072422027587891,522,522,522,522,522,522,4
522,1986,522,522,522,522,522,522,522,522,7.036148548126221,522,522,522,522,522,522,5
522,1987,522,522,522,522,522,522,522,522,6.898714542388916,522,522,522,522,522,522,6
522,1988,522,522,522,522,522,522,522,522,7.092573642730713,522,522,522,522,522,522,7
522,1989,522,522,522,522,522,522,522,522,7.252762317657471,522,522,522,522,522,522,8
522,1990,522,522,522,522,522,522,522,522,7.231287002563477,522,522,522,522,522,522,9
522,1991,522,522,522,522,522,522,522,522,7.220373630523682,522,522,522,522,522,522,10
530,1981,530,530,530,530,530,530,530,530,5.7745513916015625,530,530,530,530,530,530,0
530,1982,530,530,530,530,530,530,530,530,5.7745513916015625,530,530,530,530,530,530,1
530,1983,530,530,530,530,530,530,530,530,5.7745513916015625,530,530,530,530,530,530,2
530,1984,530,530,530,530,530,530,530,530,5.8051347732543945,530,530,530,530,530,530,3
530,1985,530,530,530,530,530,530,530,530,5.762051582336426,530,530,530,530,530,530,4
530,1986,530,530,530,530,530,530,530,530,5.700443744659424,530,530,530,530,530,530,5
530,1987,530,530,530,530,530,530,530,530,5.7430033683776855,530,530,530,530,530,530,6
530,1988,530,530,530,530,530,530,530,530,5.843345642089844,530,530,530,530,530,530,7
530,1989,530,530,530,530,530,530,530,530,5.81433629989624,530,530,530,530,530,530,8
530,1990,530,530,530,530,530,530,530,530,5.790774822235107,530,530,530,530,530,530,9
530,1991,530,530,530,530,530,530,530,530,5.778337478637695,530,530,530,530,530,530,10
530,1992,530,530,530,530,530,530,530,530,5.696175575256348,530,530,530,530,530,530,11
530,1993,530,530,530,530,530,530,530,530,5.609340667724609,530,530,530,530,530,530,12
530,1994,530,530,530,530,530,530,530,530,5.762391567230225,530,530,530,530,530,530,13
530,1995,530,530,530,530,530,530,530,530,5.767220497131348,530,530,530,530,530,530,14
530,1996,530,530,530,530,530,530,530,530,5.797250747680664,530,530,530,530,530,530,15
530,1997,530,530,530,530,530,530,530,530,5.868442535400391,530,530,530,530,530,530,16
530,1998,530,530,530,530,530,530,530,530,5.893379211425781,530,530,530,530,530,530,17
530,1999,530,530,530,530,530,530,530,530,5.8545823097229,530,530,530,530,530,530,18
540,1981,540,540,540,540,540,540,540,540,6.514712810516357,540,540,540,540,540,540,0
540,1982,540,540,540,540,540,540,540,540,6.476972579956055,540,540,540,540,540,540,1
540,1983,540,540,540,540,540,540,540,540,6.520621299743652,540,540,540,540,540,540,2
540,1984,540,540,540,540,540,540,540,540,6.511745452880859,540,540,540,540,540,540,3
540,1985,540,540,540,540,540,540,540,540,6.538139820098877,540,540,540,540,540,540,4
540,1986,540,540,540,540,540,540,540,540,6.566672325134277,540,540,540,540,540,540,5
540,1987,540,540,540,540,540,540,540,540,6.5638556480407715,540,540,540,540,540,540,6
540,1988,540,540,540,540,540,540,540,540,6.575075626373291,540,540,540,540,540,540,7
540,1989,540,540,540,540,540,540,540,540,6.5971455574035645,540,540,540,540,540,540,8
540,1990,540,540,540,540,540,540,540,540,6.5525078773498535,540,540,540,540,540,540,9
540,1991,540,540,540,540,540,540,540,540,6.518423080444336,540,540,540,540,540,540,10
540,1992,540,540,540,540,540,540,540,540,6.486773490905762,540,540,540,540,540,540,11
540,1993,540,540,540,540,540,540,540,540,6.398292064666748,540,540,540,540,540,540,12
540,1994,540,540,540,540,540,540,540,540,6.092927932739258,540,540,540,540,540,540,13
540,1995,540,540,540,540,540,540,540,540,6.0739850997924805,540,540,540,540,540,540,14
540,1996,540,540,540,540,540,540,540,540,6.139981746673584,540,540,540,540,540,540,15
540,1997,540,540,540,540,540,540,540,540,6.2042388916015625,540,540,540,540,540,540,16
540,1998,540,540,540,540,540,540,540,540,6.2344970703125,540,540,540,540,540,540,17
540,1999,540,540,540,540,540,540,540,540,6.23684549331665,540,540,540,540,540,540,18
541,1981,541,541,541,541,541,541,541,541,6.827629089355469,541,541,541,541,541,541,0
541,1982,541,541,541,541,541,541,541,541,6.844815254211426,541,541,541,541,541,541,1
541,1983,541,541,541,541,541,541,541,541,6.807934761047363,541,541,541,541,541,541,2
541,1984,541,541,541,541,541,541,541,541,6.763885021209717,541,541,541,541,541,541,3
541,1985,541,541,541,541,541,541,541,541,6.744059085845947,541,541,541,541,541,541,4
541,1986,541,541,541,541,541,541,541,541,6.618739128112793,541,541,541,541,541,541,5
541,1987,541,541,541,541,541,541,541,541,6.646390438079834,541,541,541,541,541,541,6
541,1988,541,541,541,541,541,541,541,541,6.612040996551514,541,541,541,541,541,541,7
541,1989,541,541,541,541,541,541,541,541,6.6333184242248535,541,541,541,541,541,541,8
541,1990,541,541,541,541,541,541,541,541,6.673297882080078,541,541,541,541,541,541,9
541,1991,541,541,541,541,541,541,541,541,6.6333184242248535,541,541,541,541,541,541,10
541,1992,541,541,541,541,541,541,541,541,6.610695838928223,541,541,541,541,541,541,11
541,1993,541,541,541,541,541,541,541,541,6.566672325134277,541,541,541,541,541,541,12
541,1994,541,541,541,541,541,541,541,541,6.628877639770508,541,541,541,541,541,541,13
541,1995,541,541,541,541,541,541,541,541,6.673916339874268,541,541,541,541,541,541,14
541,1996,541,541,541,541,541,541,541,541,6.690407752990723,541,541,541,541,541,541,15
541,1997,541,541,541,541,541,541,541,541,6.733414173126221,541,541,541,541,541,541,16
541,1998,541,541,541,541,541,541,541,541,6.814011096954346,541,541,541,541,541,541,17
541,1999,541,541,541,541,541,541,541,541,6.906578540802002,541,541,541,541,541,541,18
551,1981,551,551,551,551,551,551,551,551,6.878326416015625,551,551,551,551,551,551,0
551,1982,551,551,551,551,551,551,551,551,6.931471824645996,551,551,551,551,551,551,1
551,1983,551,551,551,551,551,551,551,551,6.845880031585693,551,551,551,551,551,551,2
551,1984,551,551,551,551,551,551,551,551,6.733401775360107,551,551,551,551,551,551,3
551,1985,551,551,551,551,551,551,551,551,6.717804908752441,551,551,551,551,551,551,4
551,1986,551,551,551,551,551,551,551,551,6.694561958312988,551,551,551,551,551,551,5
551,1987,551,551,551,551,551,551,551,551,6.666956901550293,551,551,551,551,551,551,6
551,1988,551,551,551,551,551,551,551,551,6.6333184242248535,551,551,551,551,551,551,7
551,1989,551,551,551,551,551,551,551,551,6.629363059997559,551,551,551,551,551,551,8
551,1990,551,551,551,551,551,551,551,551,6.6280412673950195,551,551,551,551,551,551,9
551,1991,551,551,551,551,551,551,551,551,6.53524112701416,551,551,551,551,551,551,10
551,1992,551,551,551,551,551,551,551,551,6.5496506690979,551,551,551,551,551,551,11
551,1993,551,551,551,551,551,551,551,551,6.502630233764648,551,551,551,551,551,551,12
551,1994,551,551,551,551,551,551,551,551,6.539990425109863,551,551,551,551,551,551,13
551,1995,551,551,551,551,551,551,551,551,6.421191692352295,551,551,551,551,551,551,14
551,1996,551,551,551,551,551,551,551,551,6.36892032623291,551,551,551,551,551,551,15
551,1997,551,551,551,551,551,551,551,551,6.406981468200684,551,551,551,551,551,551,16
551,1998,551,551,551,551,551,551,551,551,6.4148993492126465,551,551,551,551,551,551,17
551,1999,551,551,551,551,551,551,551,551,6.372642517089844,551,551,551,551,551,551,18
552,1981,552,552,552,552,552,552,552,552,7.095064163208008,552,552,552,552,552,552,0
552,1982,552,552,552,552,552,552,552,552,7.155396461486816,552,552,552,552,552,552,1
552,1983,552,552,552,552,552,552,552,552,7.194437026977539,552,552,552,552,552,552,2
552,1984,552,552,552,552,552,552,552,552,7.21817684173584,552,552,552,552,552,552,3
552,1985,552,552,552,552,552,552,552,552,7.095893383026123,552,552,552,552,552,552,4
552,1986,552,552,552,552,552,552,552,552,7.1033220291137695,552,552,552,552,552,552,5
552,1987,552,552,552,552,552,552,552,552,7.071573257446289,552,552,552,552,552,552,6
552,1988,552,552,552,552,552,552,552,552,7.093404769897461,552,552,552,552,552,552,7
552,1989,552,552,552,552,552,552,552,552,6.991177082061768,552,552,552,552,552,552,8
552,1990,552,552,552,552,552,552,552,552,7.066466808319092,552,552,552,552,552,552,9
552,1991,552,552,552,552,552,552,552,552,7.074963092803955,552,552,552,552,552,552,10
552,1992,552,552,552,552,552,552,552,552,7.129297733306885,552,552,552,552,552,552,11
552,1993,552,552,552,552,552,552,552,552,7.057898044586182,552,552,552,552,552,552,12
552,1994,552,552,552,552,552,552,552,552,7.05764102935791,552,552,552,552,552,552,13
552,1995,552,552,552,552,552,552,552,552,7.087743759155273,552,552,552,552,552,552,14
552,1996,552,552,552,552,552,552,552,552,7.068615913391113,552,552,552,552,552,552,15
552,1997,552,552,552,552,552,552,552,552,7.144585132598877,552,552,552,552,552,552,16
552,1998,552,552,552,552,552,552,552,552,7.152511119842529,552,552,552,552,552,552,17
552,1999,552,552,552,552,552,552,552,552,7.169611930847168,552,552,552,552,552,552,18
553,1981,553,553,553,553,553,553,553,553,6.317164897918701,553,553,553,553,553,553,0
553,1982,553,553,553,553,553,553,553,553,6.2383246421813965,553,553,553,553,553,553,1
553,1983,553,553,553,553,553,553,553,553,6.2045578956604,553,553,553,553,553,553,2
553,1984,553,553,553,553,553,553,553,553,6.188263893127441,553,553,553,553,553,553,3
553,1985,553,553,553,553,553,553,553,553,6.2304816246032715,553,553,553,553,553,553,4
553,1986,553,553,553,553,553,553,553,553,6.249975204467773,553,553,553,553,553,553,5
553,1987,553,553,553,553,553,553,553,553,6.218600273132324,553,553,553,553,553,553,6
553,1988,553,553,553,553,553,553,553,553,6.200509071350098,553,553,553,553,553,553,7
553,1989,553,553,553,553,553,553,553,553,6.200509071350098,553,553,553,553,553,553,8
553,1990,553,553,553,553,553,553,553,553,6.263398170471191,553,553,553,553,553,553,9
553,1991,553,553,553,553,553,553,553,553,6.251904010772705,553,553,553,553,553,553,10
553,1992,553,553,553,553,553,553,553,553,6.30444860458374,553,553,553,553,553,553,11
553,1993,553,553,553,553,553,553,553,553,6.206575870513916,553,553,553,553,553,553,12
553,1994,553,553,553,553,553,553,553,553,6.271661758422852,553,553,553,553,553,553,13
553,1995,553,553,553,553,553,553,553,553,6.136209487915039,553,553,553,553,553,553,14
553,1996,553,553,553,553,553,553,553,553,6.263482570648193,553,553,553,553,553,553,15
553,1997,553,553,553,553,553,553,553,553,6.307897090911865,553,553,553,553,553,553,16
553,1998,553,553,553,553,553,553,553,553,6.319476127624512,553,553,553,553,553,553,17
553,1999,553,553,553,553,553,553,553,553,6.314528942108154,553,553,553,553,553,553,18
560,1981,560,560,560,560,560,560,560,560,8.159375190734863,560,560,560,560,560,560,0
560,1982,560,560,560,560,560,560,560,560,8.209580421447754,560,560,560,560,560,560,1
560,1983,560,560,560,560,560,560,560,560,8.18535041809082,560,560,560,560,560,560,2
560,1984,560,560,560,560,560,560,560,560,8.120588302612305,560,560,560,560,560,560,3
560,1985,560,560,560,560,560,560,560,560,8.16080379486084,560,560,560,560,560,560,4
560,1986,560,560,560,560,560,560,560,560,8.1083221435546875,560,560,560,560,560,560,5
560,1987,560,560,560,560,560,560,560,560,8.099554061889648,560,560,560,560,560,560,6
560,1988,560,560,560,560,560,560,560,560,8.101374626159668,560,560,560,560,560,560,7
560,1989,560,560,560,560,560,560,560,560,8.119994163513184,560,560,560,560,560,560,8
560,1990,560,560,560,560,560,560,560,560,8.114025115966797,560,560,560,560,560,560,9
560,1991,560,560,560,560,560,560,560,560,8.085794448852539,560,560,560,560,560,560,10
560,1992,560,560,560,560,560,560,560,560,8.066521644592285,560,560,560,560,560,560,11
560,1993,560,560,560,560,560,560,560,560,8.028780937194824,560,560,560,560,560,560,12
560,1994,560,560,560,560,560,560,560,560,8.019923210144043,560,560,560,560,560,560,13
560,1995,560,560,560,560,560,560,560,560,8.030381202697754,560,560,560,560,560,560,14
560,1996,560,560,560,560,560,560,560,560,8.03944206237793,560,560,560,560,560,560,15
560,1997,560,560,560,560,560,560,560,560,8.060074806213379,560,560,560,560,560,560,16
560,1998,560,560,560,560,560,560,560,560,8.066181182861328,560,560,560,560,560,560,17
560,1999,560,560,560,560,560,560,560,560,8.054595947265625,560,560,560,560,560,560,18
565,1991,565,565,565,565,565,565,565,565,7.95647668838501,565,565,565,565,565,565,10
565,1992,565,565,565,565,565,565,565,565,7.9337968826293945,565,565,565,565,565,565,11
565,1993,565,565,565,565,565,565,565,565,7.928045749664307,565,565,565,565,565,565,12
565,1994,565,565,565,565,565,565,565,565,7.884067058563232,565,565,565,565,565,565,13
565,1995,565,565,565,565,565,565,565,565,7.919091701507568,565,565,565,565,565,565,14
565,1996,565,565,565,565,565,565,565,565,7.929137706756592,565,565,565,565,565,565,15
565,1997,565,565,565,565,565,565,565,565,7.924752235412598,565,565,565,565,565,565,16
565,1998,565,565,565,565,565,565,565,565,7.925980567932129,565,565,565,565,565,565,17
565,1999,565,565,565,565,565,565,565,565,7.925494194030762,565,565,565,565,565,565,18
570,1981,570,570,570,570,570,570,570,570,6.901737213134766,570,570,570,570,570,570,0
570,1982,570,570,570,570,570,570,570,570,6.927557945251465,570,570,570,570,570,570,1
570,1983,570,570,570,570,570,570,570,570,6.936342716217041,570,570,570,570,570,570,2
570,1984,570,570,570,570,570,570,570,570,6.920671463012695,570,570,570,570,570,570,3
570,1985,570,570,570,570,570,570,570,570,6.928537845611572,570,570,570,570,570,570,4
570,1986,570,570,570,570,570,570,570,570,6.882437705993652,570,570,570,570,570,570,5
570,1987,570,570,570,570,570,570,570,570,6.83303165435791,570,570,570,570,570,570,6
570,1988,570,570,570,570,570,570,570,570,6.855408668518066,570,570,570,570,570,570,7
570,1989,570,570,570,570,570,570,570,570,6.965080261230469,570,570,570,570,570,570,8
570,1990,570,570,570,570,570,570,570,570,6.936342716217041,570,570,570,570,570,570,9
570,1991,570,570,570,570,570,570,570,570,6.8793559074401855,570,570,570,570,570,570,10
570,1992,570,570,570,570,570,570,570,570,6.8956828117370605,570,570,570,570,570,570,11
570,1993,570,570,570,570,570,570,570,570,6.858564853668213,570,570,570,570,570,570,12
570,1994,570,570,570,570,570,570,570,570,6.873239040374756,570,570,570,570,570,570,13
570,1995,570,570,570,570,570,570,570,570,6.885027885437012,570,570,570,570,570,570,14
570,1996,570,570,570,570,570,570,570,570,6.90789270401001,570,570,570,570,570,570,15
570,1997,570,570,570,570,570,570,570,570,6.981075286865234,570,570,570,570,570,570,16
570,1998,570,570,570,570,570,570,570,570,7.0363264083862305,570,570,570,570,570,570,17
570,1999,570,570,570,570,570,570,570,570,6.96269416809082,570,570,570,570,570,570,18
571,1981,571,571,571,571,571,571,571,571,7.570443153381348,571,571,571,571,571,571,0
571,1982,571,571,571,571,571,571,571,571,7.587310314178467,571,571,571,571,571,571,1
571,1983,571,571,571,571,571,571,571,571,7.5908522605896,571,571,571,571,571,571,2
571,1984,571,571,571,571,571,571,571,571,7.53529691696167,571,571,571,571,571,571,3
571,1985,571,571,571,571,571,571,571,571,7.574045181274414,571,571,571,571,571,571,4
571,1986,571,571,571,571,571,571,571,571,7.756623268127441,571,571,571,571,571,571,5
571,1987,571,571,571,571,571,571,571,571,7.886833190917969,571,571,571,571,571,571,6
571,1988,571,571,571,571,571,571,571,571,7.699389457702637,571,571,571,571,571,571,7
571,1989,571,571,571,571,571,571,571,571,7.787382125854492,571,571,571,571,571,571,8
571,1990,571,571,571,571,571,571,571,571,7.695302963256836,571,571,571,571,571,571,9
571,1991,571,571,571,571,571,571,571,571,7.733614921569824,571,571,571,571,571,571,10
571,1992,571,571,571,571,571,571,571,571,7.7758283615112305,571,571,571,571,571,571,11
571,1993,571,571,571,571,571,571,571,571,7.77700138092041,571,571,571,571,571,571,12
571,1994,571,571,571,571,571,571,571,571,7.769634246826172,571,571,571,571,571,571,13
571,1995,571,571,571,571,571,571,571,571,7.779512882232666,571,571,571,571,571,571,14
571,1996,571,571,571,571,571,571,571,571,7.805021286010742,571,571,571,571,571,571,15
571,1997,571,571,571,571,571,571,571,571,7.847812652587891,571,571,571,571,571,571,16
571,1998,571,571,571,571,571,571,571,571,7.862601280212402,571,571,571,571,571,571,17
571,1999,571,571,571,571,571,571,571,571,7.87844181060791,571,571,571,571,571,571,18
572,1981,572,572,572,572,572,572,572,572,8.025189399719238,572,572,572,572,572,572,0
572,1982,572,572,572,572,572,572,572,572,8.152485847473145,572,572,572,572,572,572,1
572,1983,572,572,572,572,572,572,572,572,7.953318119049072,572,572,572,572,572,572,2
572,1984,572,572,572,572,572,572,572,572,7.769801139831543,572,572,572,572,572,572,3
572,1985,572,572,572,572,572,572,572,572,7.845024585723877,572,572,572,572,572,572,4
572,1986,572,572,572,572,572,572,572,572,7.695302963256836,572,572,572,572,572,572,5
572,1987,572,572,572,572,572,572,572,572,7.712443828582764,572,572,572,572,572,572,6
572,1988,572,572,572,572,572,572,572,572,7.764720439910889,572,572,572,572,572,572,7
572,1989,572,572,572,572,572,572,572,572,7.789454460144043,572,572,572,572,572,572,8
572,1990,572,572,572,572,572,572,572,572,7.843848705291748,572,572,572,572,572,572,9
572,1991,572,572,572,572,572,572,572,572,7.897974491119385,572,572,572,572,572,572,10
572,1992,572,572,572,572,572,572,572,572,7.890930652618408,572,572,572,572,572,572,11
572,1993,572,572,572,572,572,572,572,572,7.872367858886719,572,572,572,572,572,572,12
572,1994,572,572,572,572,572,572,572,572,7.873257637023926,572,572,572,572,572,572,13
572,1995,572,572,572,572,572,572,572,572,7.876061916351318,572,572,572,572,572,572,14
572,1996,572,572,572,572,572,572,572,572,7.871494770050049,572,572,572,572,572,572,15
572,1997,572,572,572,572,572,572,572,572,7.878305912017822,572,572,572,572,572,572,16
572,1998,572,572,572,572,572,572,572,572,7.882267475128174,572,572,572,572,572,572,17
572,1999,572,572,572,572,572,572,572,572,7.870521068572998,572,572,572,572,572,572,18
580,1981,580,580,580,580,580,580,580,580,6.891625881195068,580,580,580,580,580,580,0
580,1982,580,580,580,580,580,580,580,580,6.741700649261475,580,580,580,580,580,580,1
580,1983,580,580,580,580,580,580,580,580,6.7105231285095215,580,580,580,580,580,580,2
580,1984,580,580,580,580,580,580,580,580,6.678342342376709,580,580,580,580,580,580,3
580,1985,580,580,580,580,580,580,580,580,6.641181945800781,580,580,580,580,580,580,4
580,1986,580,580,580,580,580,580,580,580,6.6450910568237305,580,580,580,580,580,580,5
580,1987,580,580,580,580,580,580,580,580,6.593044757843018,580,580,580,580,580,580,6
580,1988,580,580,580,580,580,580,580,580,6.566672325134277,580,580,580,580,580,580,7
580,1989,580,580,580,580,580,580,580,580,6.5294189453125,580,580,580,580,580,580,8
580,1990,580,580,580,580,580,580,580,580,6.522092819213867,580,580,580,580,580,580,9
580,1991,580,580,580,580,580,580,580,580,6.514712810516357,580,580,580,580,580,580,10
580,1992,580,580,580,580,580,580,580,580,6.458338260650635,580,580,580,580,580,580,11
580,1993,580,580,580,580,580,580,580,580,6.41017484664917,580,580,580,580,580,580,12
580,1994,580,580,580,580,580,580,580,580,6.402886867523193,580,580,580,580,580,580,13
580,1995,580,580,580,580,580,580,580,580,6.373091697692871,580,580,580,580,580,580,14
580,1996,580,580,580,580,580,580,580,580,6.3602190017700195,580,580,580,580,580,580,15
580,1997,580,580,580,580,580,580,580,580,6.350568771362305,580,580,580,580,580,580,16
580,1998,580,580,580,580,580,580,580,580,6.355896472930908,580,580,580,580,580,580,17
580,1999,580,580,580,580,580,580,580,580,6.363631725311279,580,580,580,580,580,580,18
625,1981,625,625,625,625,625,625,625,625,6.763885021209717,625,625,625,625,625,625,0
625,1982,625,625,625,625,625,625,625,625,6.768493175506592,625,625,625,625,625,625,1
625,1983,625,625,625,625,625,625,625,625,6.768493175506592,625,625,625,625,625,625,2
625,1984,625,625,625,625,625,625,625,625,6.786716938018799,625,625,625,625,625,625,3
625,1985,625,625,625,625,625,625,625,625,6.72623348236084,625,625,625,625,625,625,4
625,1986,625,625,625,625,625,625,625,625,6.673297882080078,625,625,625,625,625,625,5
625,1987,625,625,625,625,625,625,625,625,6.747586727142334,625,625,625,625,625,625,6
625,1988,625,625,625,625,625,625,625,625,6.705638885498047,625,625,625,625,625,625,7
625,1989,625,625,625,625,625,625,625,625,6.637258052825928,625,625,625,625,625,625,8
625,1990,625,625,625,625,625,625,625,625,6.694561958312988,625,625,625,625,625,625,9
625,1991,625,625,625,625,625,625,625,625,6.629363059997559,625,625,625,625,625,625,10
625,1992,625,625,625,625,625,625,625,625,6.601230144500732,625,625,625,625,625,625,11
625,1993,625,625,625,625,625,625,625,625,6.628807544708252,625,625,625,625,625,625,12
625,1994,625,625,625,625,625,625,625,625,6.6507439613342285,625,625,625,625,625,625,13
625,1995,625,625,625,625,625,625,625,625,6.6704912185668945,625,625,625,625,625,625,14
625,1996,625,625,625,625,625,625,625,625,6.875410556793213,625,625,625,625,625,625,15
625,1997,625,625,625,625,625,625,625,625,6.894410610198975,625,625,625,625,625,625,16
625,1998,625,625,625,625,625,625,625,625,6.93826961517334,625,625,625,625,625,625,17
